{"cameraMode":{"drawMode":0,"name":"Shaded","section":"Shading Mode"},"sceneLighting":false,"audioPlay":false,"sceneViewState":{"m_AlwaysRefresh":false,"showFog":true,"showSkybox":false,"showFlares":true,"showImageEffects":true,"showParticleSystems":true,"showVisualEffectGraphs":true,"m_FxEnabled":true},"in2DMode":false,"pivot":{"x":-5.150300979614258,"y":23.176311492919923,"z":0.23597455024719239},"rotation":{"x":-0.1267339289188385,"y":0.1060219556093216,"z":-0.013619561679661274,"w":-0.9861714243888855},"size":1.3325079679489136,"orthographic":false}