{"cameraMode":{"drawMode":0,"name":"Shaded","section":"Shading Mode"},"sceneLighting":true,"audioPlay":false,"sceneViewState":{"m_AlwaysRefresh":false,"showFog":true,"showSkybox":true,"showFlares":true,"showImageEffects":true,"showParticleSystems":true,"showVisualEffectGraphs":true,"m_FxEnabled":true},"in2DMode":false,"pivot":{"x":-3.588554859161377,"y":15.715539932250977,"z":-3.570150375366211},"rotation":{"x":-0.15950778126716615,"y":0.015694232657551767,"z":-0.0025278946850448848,"w":-0.9870843887329102},"size":12.12435531616211,"orthographic":false}